id,name,symbol,quantity,percentageChange,change,price,previousClose,high,low,lastTradedTime,issueDate,turnover,sharevolume,tradevolume,marketCap,marketCapPercentage,open,closingPrice,crossingVolume,crossingTradeVol,status,Scrape_time,Date
204,ABANS ELECTRICALS PLC,ABAN.N0000,1,3.2015065913371,4.25,137.0,132.75,145.0,132.25,1681288105950,01/JAN/1984,63719.25,465,14,700146720.0,0.0,132.25,137.0,465,14,0,2023-04-14 10:27:32.801998,2023-04-14
1845,ABANS FINANCE PLC,AFSL.N0000,50,-2.5641025641025643,-0.6,22.8,23.4,23.2,22.7,1681280937357,27/JUN/2011,18367.6,802,7,1680204298.8,0.0,23.2,22.8,802,7,3,2023-04-14 10:27:32.801998,2023-04-14
2065,ACCESS ENGINEERING PLC,AEL.N0000,10,-2.0833333333333335,-0.3,14.1,14.4,14.5,14.0,1681289639721,27/MAR/2012,2863608.8,201900,87,14100000000.0,0.0,14.5,14.1,201900,87,0,2023-04-14 10:27:32.801998,2023-04-14
472,ACL CABLES PLC,ACL.N0000,1,-1.5476190476190477,-1.3,82.7,84.0,84.0,82.0,1681289465730,01/JAN/1976,12668777.4,152110,159,19812829344.0,0.0,84.0,82.7,152110,159,0,2023-04-14 10:27:32.801998,2023-04-14
406,ACL PLASTICS PLC,APLA.N0000,1,0.0,0.0,389.75,389.75,395.0,395.0,1681278046696,05/APR/1995,790.0,2,2,1641821875.0,0.0,395.0,389.75,2,2,0,2023-04-14 10:27:32.801998,2023-04-14
554,ACME PRINTING & PACKAGING PLC,ACME.N0000,4500,0.0,0.0,6.6,6.6,6.7,6.4,1681288645998,01/JAN/1956,46590.4,7061,9,627000000.0,0.0,6.7,6.6,7061,9,0,2023-04-14 10:27:32.801998,2023-04-14
163,AGALAWATTE  PLANTATIONS  PLC,AGAL.N0000,1865,-1.8691588785046729,-0.6,31.5,32.1,32.5,31.4,1681288082750,22/JAN/1996,524043.5,16628,36,4921875000.0,0.0,32.5,31.5,16628,36,0,2023-04-14 10:27:32.801998,2023-04-14
2026,AGSTAR PLC,AGST.N0000,1,3.125,0.4,13.2,12.8,13.6,12.7,1681290000254,16/FEB/2012,29826791.2,2278173,483,6089020938.0,0.0,12.8,13.2,2278173,483,2,2023-04-14 10:27:32.801998,2023-04-14
144,AITKEN SPENCE HOTEL HOLDINGS PLC,AHUN.N0000,4000,1.694915254237288,1.0,60.0,59.0,60.0,59.0,1681289472486,01/JAN/1980,25896738.2,435836,53,20177400600.0,0.0,59.2,60.0,435836,53,0,2023-04-14 10:27:32.801998,2023-04-14
343,AITKEN SPENCE PLC,SPEN.N0000,120,0.7874015748031497,1.0,128.0,127.0,128.0,126.75,1681289975016,01/JAN/1983,16999400.25,133806,62,51967493760.0,0.0,127.0,128.0,133806,62,0,2023-04-14 10:27:32.801998,2023-04-14
395,ALLIANCE FINANCE COMPANY PLC,ALLI.N0000,2,1.9005847953216375,1.3,69.7,68.4,70.9,68.8,1681288529034,01/JAN/1959,2103027.7,30087,56,2348611200.0,0.0,70.3,69.7,30087,56,0,2023-04-14 10:27:32.801998,2023-04-14
3082,ALUMEX PLC,ALUM.N0000,4496,0.0,0.0,8.9,8.9,9.2,8.8,1681287250791,31/MAR/2014,5950561.7,660996,119,5327590552.0,0.0,8.9,8.9,660996,119,2,2023-04-14 10:27:32.801998,2023-04-14
3046,AMANA BANK PLC,ABL.N0000,109,3.8461538461538463,0.1,2.7,2.6,2.7,2.6,1681289726692,29/JAN/2014,1321986.8,506321,48,7516663679.7,0.0,2.6,2.7,506321,48,0,2023-04-14 10:27:32.801998,2023-04-14
364,AMANA TAKAFUL PLC,ATL.N0000,1500,0.0,0.0,11.5,11.5,12.0,11.5,1681289771404,27/NOV/2006,28291.5,2452,8,2341752394.5,0.0,12.0,11.5,2452,8,2,2023-04-14 10:27:32.801998,2023-04-14
2145,AMBEON CAPITAL PLC,TAP.N0000,1,0.0,0.0,9.9,9.9,10.2,9.7,1681288434489,17/MAY/2012,2370590.7,237665,104,9926975668.5,0.0,10.0,9.9,237665,104,3,2023-04-14 10:27:32.801998,2023-04-14
121,AMBEON HOLDINGS PLC,GREG.N0000,2923,-1.6528925619834711,-0.6,35.7,36.3,37.1,35.5,1681288588739,01/JAN/1970,185827.6,5205,9,12740247076.2,0.0,36.7,35.7,5205,9,2,2023-04-14 10:27:32.801998,2023-04-14
2025,ASIA ASSET FINANCE PLC,AAF.N0000,2005,-3.7037037037037037,-0.3,7.8,8.1,8.3,7.8,1681287146666,12/JAN/2012,27726.2,3545,10,968725157.4,0.0,8.3,7.8,3545,10,0,2023-04-14 10:27:32.801998,2023-04-14
160,ASIA CAPITAL PLC,ACAP.N0000,60,2.5,0.1,4.1,4.0,4.2,4.0,1681288100839,22/SEP/1994,15999.0,3986,9,538452979.5,0.0,4.0,4.1,3986,9,0,2023-04-14 10:27:32.801998,2023-04-14
2209,ASIA SIYAKA COMMODITIES LIMITED,ASIY.N0000,100,-2.4390243902439024,-0.1,4.0,4.1,4.1,4.0,1681289630384,12/SEP/2012,91261.2,22335,15,1040000000.0,0.0,4.1,4.0,22335,15,2,2023-04-14 10:27:32.801998,2023-04-14
143,ASIAN HOTELS AND PROPERTIES PLC,AHPL.N0000,500,-0.23201856148491878,-0.1,43.0,43.1,43.0,42.5,1681283398300,30/JAN/2004,159042.5,3701,3,19039337900.0,0.0,42.5,43.0,3701,3,0,2023-04-14 10:27:32.801998,2023-04-14
240,ASIRI SURGICAL HOSPITAL PLC,AMSL.N0000,50,-0.78125,-0.1,12.7,12.8,12.8,12.5,1681284298032,12/NOV/2004,14908.1,1173,13,6711410821.5,0.0,12.8,12.7,1173,13,0,2023-04-14 10:27:32.801998,2023-04-14
225,ASIRI HOSPITAL HOLDINGS PLC,ASIR.N0000,250,-0.7782101167315175,-0.2,25.5,25.7,25.5,25.2,1681287445794,01/JUN/1986,444950.2,17451,10,29007106698.0,0.0,25.5,25.5,17451,10,0,2023-04-14 10:27:32.801998,2023-04-14
3794,B P P L HOLDINGS PLC,BPPL.N0000,40,2.380952380952381,0.5,21.5,21.0,21.5,21.5,1681277094575,04/APR/2017,15888.5,739,2,6597132175.5,0.0,21.5,21.5,739,2,2,2023-04-14 10:27:32.801998,2023-04-14
188,BAIRAHA FARMS PLC,BFL.N0000,10,2.7586206896551726,4.0,149.0,145.0,152.0,145.0,1681289975249,05/DEC/1994,721732.0,4844,29,2622400000.0,0.0,148.0,149.0,4844,29,0,2023-04-14 10:27:32.801998,2023-04-14
193,BALANGODA  PLANTATIONS  PLC,BALA.N0000,104,-3.0721966205837172,-2.0,63.1,65.1,67.0,63.0,1681289525232,03/JUN/1998,1208003.5,19130,30,2982909010.6,0.0,66.5,63.1,19130,30,0,2023-04-14 10:27:32.801998,2023-04-14
3080,BANSEI ROYAL RESORTS HIKKADUWA PLC,BRR.N0000,1,0.0,0.0,11.4,11.4,11.4,11.4,1681279121452,27/MAR/2014,11.4,1,1,612499200.0,0.0,11.4,11.4,1,1,2,2023-04-14 10:27:32.801998,2023-04-14
2188,BERUWALA RESORTS PLC,BERU.N0000,1000,0.0,0.0,1.5,1.5,1.6,1.4,1681289788299,04/JUL/2012,3844590.8,2561759,81,900000000.0,0.0,1.5,1.5,2561759,81,2,2023-04-14 10:27:32.801998,2023-04-14
189,BOGALA GRAPHITE LANKA PLC,BOGA.N0000,2718,0.6163328197226502,0.4,65.3,64.9,67.0,65.3,1681289798496,08/MAY/1992,998429.4,15027,32,6179528631.2,0.0,66.5,65.3,15027,32,2,2023-04-14 10:27:32.801998,2023-04-14
34,BOGAWANTALAWA TEA ESTATES PLC,BOPL.N0000,9,0.0,0.0,44.0,44.0,45.0,45.0,1681277758625,08/DEC/1995,450.0,10,2,3685000000.0,0.0,45.0,44.0,10,2,2,2023-04-14 10:27:32.801998,2023-04-14
25,BROWN & COMPANY PLC,BRWN.N0000,27,-1.8633540372670807,-2.25,118.5,120.75,124.0,117.0,1681289978756,25/APR/1991,2268888.0,18896,71,25196062500.0,0.0,123.0,118.5,18896,71,2,2023-04-14 10:27:32.801998,2023-04-14
128,BROWNS BEACH HOTELS PLC,BBH.N0000,1000,8.333333333333334,1.0,13.0,12.0,13.3,12.3,1681288460573,22/FEB/1993,318052.0,24265,43,1684800000.0,0.0,12.3,13.0,24265,43,3,2023-04-14 10:27:32.801998,2023-04-14
1851,BROWNS INVESTMENTS PLC,BIL.N0000,500,1.6666666666666667,0.1,6.1,6.0,6.2,6.1,1681289921322,26/JUL/2011,20505514.5,3358136,359,87655276506.0,0.0,6.1,6.1,3358136,359,2,2023-04-14 10:27:32.801998,2023-04-14
165,BUKIT DARAH PLC,BUKI.N0000,1,0.0,0.0,390.0,390.0,390.25,390.0,1681279414417,01/JAN/1970,1170.25,3,2,39780000000.0,0.0,390.0,390.0,3,2,0,2023-04-14 10:27:32.801998,2023-04-14
308,C M HOLDINGS PLC,COLO.N0000,5,4.2748091603053435,2.8,68.3,65.5,69.9,65.5,1681282219960,01/JAN/1970,12121.0,178,17,1038160000.0,0.0,65.5,68.3,178,17,0,2023-04-14 10:27:32.801998,2023-04-14
510,C T HOLDINGS PLC,CTHR.N0000,4996,0.0,0.0,180.0,180.0,180.0,180.0,1681285167137,01/JAN/1928,4095000.0,22750,10,36253256040.0,0.0,180.0,180.0,22750,10,0,2023-04-14 10:27:32.801998,2023-04-14
520,C T LAND DEVELOPMENT PLC,CTLD.N0000,7,5.7915057915057915,1.5,27.4,25.9,27.5,25.5,1681284190165,22/MAR/1988,47770.3,1792,9,2226250000.0,0.0,25.5,27.4,1792,9,2,2023-04-14 10:27:32.801998,2023-04-14
335,C. W. MACKIE PLC,CWM.N0000,5,5.800464037122969,5.0,91.2,86.2,92.0,86.1,1681289993442,09/JAN/1995,6529920.2,72959,226,3282156307.2,0.0,86.1,91.2,72959,226,2,2023-04-14 10:27:32.801998,2023-04-14
5293,CAPITAL ALLIANCE PLC,CALT.N0000,8572,-2.0588235294117645,-0.7,33.3,34.0,34.3,33.0,1681289982133,15/DEC/2021,14312333.4,423644,105,10969615537.2,0.0,34.2,33.3,423644,105,2,2023-04-14 10:27:32.801998,2023-04-14
551,CARGILLS (CEYLON) PLC,CARG.N0000,4,1.3541666666666667,3.25,243.25,240.0,243.5,237.0,1681289070227,01/JAN/1946,975145.25,4100,11,62680108065.75,0.0,237.0,243.25,4100,11,0,2023-04-14 10:27:32.801998,2023-04-14
447,CENTRAL FINANCE COMPANY PLC,CFIN.N0000,5,1.408450704225352,1.0,72.0,71.0,72.4,70.2,1681281809792,01/JAN/1969,108640.6,1509,3,16369521264.0,0.0,72.4,72.0,1509,3,0,2023-04-14 10:27:32.801998,2023-04-14
224,CENTRAL INDUSTRIES PLC,CIND.N0000,1,-1.6666666666666667,-1.5,88.5,90.0,90.5,88.1,1681287646740,14/AUG/1990,1277598.0,14370,20,2076784365.0,0.0,90.5,88.5,14370,20,0,2023-04-14 10:27:32.801998,2023-04-14
981,CEYLINCO INSURANCE PLC,CINS.X0000,2,1.203635470400393,12.25,1030.0,1017.75,1030.0,1030.0,1681289941578,21/APR/1988,922880.0,896,3,6606914400.0,0.0,1030.0,1030.0,896,3,0,2023-04-14 10:27:32.801998,2023-04-14
91,CEYLINCO INSURANCE PLC,CINS.N0000,25,0.0,0.0,2150.0,2150.0,2199.0,2150.0,1681289518970,21/APR/1988,144996.0,66,5,43000000000.0,0.0,2198.0,2150.0,66,5,0,2023-04-14 10:27:32.801998,2023-04-14
426,CEYLON COLD STORES PLC,CCS.N0000,95,1.7412935323383085,0.7,40.9,40.2,41.0,40.2,1681289731584,01/JAN/1970,48537.5,1197,7,38871360000.0,0.0,40.2,40.9,1197,7,0,2023-04-14 10:27:32.801998,2023-04-14
74,CEYLON GRAIN ELEVATORS PLC,GRAN.N0000,100,4.287369640787949,3.7,90.0,86.3,92.0,86.5,1681289952715,01/JAN/1984,13534582.9,153409,103,5400000000.0,0.0,86.9,90.0,153409,103,0,2023-04-14 10:27:32.801998,2023-04-14
196,CEYLON GUARDIAN INVESTMENT TRUST PLC,GUAR.N0000,10,0.0,0.0,69.7,69.7,71.8,69.7,1681275537863,01/JAN/1951,418497.1,6003,9,5751495817.8,0.0,69.7,69.7,6003,9,0,2023-04-14 10:27:32.801998,2023-04-14
264,CEYLON HOSPITALS PLC,CHL.N0000,65,8.961303462321792,11.0,133.75,122.75,137.5,128.5,1681288472543,14/NOV/2003,19527.0,146,10,3627664602.5,0.0,137.5,133.75,146,10,0,2023-04-14 10:27:32.801998,2023-04-14
383,CEYLON HOTELS CORPORATION PLC,CHOT.N0000,1,-0.4424778761061947,-0.1,22.5,22.6,23.5,22.3,1681288213296,01/JAN/1967,2524496.2,111035,86,4050696195.0,0.0,22.7,22.5,111035,86,0,2023-04-14 10:27:32.801998,2023-04-14
133,CEYLON INVESTMENT PLC,CINV.N0000,16,-4.456824512534819,-1.6,34.3,35.9,36.0,34.2,1681288478551,01/JAN/1949,173516.6,4916,12,3441817379.0,0.0,35.2,34.3,4916,12,0,2023-04-14 10:27:32.801998,2023-04-14
1522,CEYLON TEA BROKERS PLC,CTBL.N0000,150,-2.380952380952381,-0.1,4.1,4.2,4.3,4.1,1681288830197,16/MAR/2010,85782.0,20918,9,747840000.0,0.0,4.1,4.1,20918,9,2,2023-04-14 10:27:32.801998,2023-04-14
381,CEYLON TOBACCO COMPANY PLC,CTC.N0000,7,0.47297297297297297,3.5,743.5,740.0,749.75,738.0,1681289736532,01/JAN/1955,9561545.5,12831,45,139275208868.5,0.0,738.0,743.5,12831,45,0,2023-04-14 10:27:32.801998,2023-04-14
131,CHEVRON LUBRICANTS  LANKA  PLC,LLUB.N0000,1,0.9687836383207751,0.9,93.8,92.9,95.0,92.6,1681289916231,14/OCT/1996,1954667.6,20818,66,22512000000.0,0.0,93.0,93.8,20818,66,0,2023-04-14 10:27:32.801998,2023-04-14
4966,CHRISSWORLD PLC,CWL.N0000,7,0.9345794392523364,0.1,10.8,10.7,10.8,10.5,1681288889941,18/MAY/2021,47905.6,4557,5,324000000.0,0.0,10.6,10.8,4557,5,5,2023-04-14 10:27:32.801998,2023-04-14
162,C I C HOLDINGS PLC,CIC.N0000,100,-1.2178619756427604,-0.9,73.0,73.9,74.0,72.9,1681289941946,11/OCT/1964,4655583.2,63838,31,21286800000.0,0.0,74.0,73.0,63838,31,0,2023-04-14 10:27:32.801998,2023-04-14
328,C I C HOLDINGS PLC,CIC.X0000,2000,1.1695906432748537,0.6,51.9,51.3,52.3,51.0,1681289993573,11/OCT/1964,230969.0,4471,7,4540212000.0,0.0,52.3,51.9,4471,7,0,2023-04-14 10:27:32.801998,2023-04-14
1858,CITIZENS DEVELOPMENT BUSINESS FINANCE PLC,CDB.X0000,60,1.3888888888888888,1.0,73.0,72.0,74.2,72.0,1681287646806,06/OCT/2010,62644.4,865,15,755087764.0,0.0,72.0,73.0,865,15,0,2023-04-14 10:27:32.801998,2023-04-14
101,CITRUS LEISURE PLC,REEF.N0000,600,0.0,0.0,6.5,6.5,6.6,6.3,1681289916851,01/JAN/1984,393398.3,60620,26,1736993199.5,0.0,6.5,6.5,60620,26,0,2023-04-14 10:27:32.801998,2023-04-14
267,COLOMBO DOCKYARD PLC,DOCK.N0000,1,4.0453074433656955,2.5,64.3,61.8,64.5,63.2,1681289695307,01/JAN/1983,2880985.8,45545,24,4620528813.2,0.0,64.3,64.3,45545,24,0,2023-04-14 10:27:32.801998,2023-04-14
385,COLOMBO FORT INVESTMENTS PLC,CFI.N0000,44,0.8116883116883117,0.5,62.1,61.6,62.2,62.0,1681289958707,15/JUN/1986,6210.6,100,3,534688514.1,0.0,62.2,62.1,100,3,2,2023-04-14 10:27:32.801998,2023-04-14
277,COLOMBO INVESTMENT TRUST PLC,CIT.N0000,200,0.0,0.0,117.5,117.5,117.5,117.5,1681274298323,01/JUN/1987,35250.0,300,2,823953240.0,0.0,117.5,117.5,300,2,2,2023-04-14 10:27:32.801998,2023-04-14
378,COLOMBO LAND AND DEVELOPMENT COMPANY PLC,CLND.N0000,1000,-2.8708133971291865,-0.6,20.3,20.9,20.9,20.2,1681286475510,19/MAR/1986,207012.1,10207,8,4057584462.4,0.0,20.9,20.3,10207,8,0,2023-04-14 10:27:32.801998,2023-04-14
396,COMMERCIAL BANK OF CEYLON PLC,COMB.X0000,100,1.1516314779270633,0.6,52.7,52.1,52.7,52.2,1681289865397,01/JAN/1970,138390.6,2637,16,3822942583.5,0.0,52.7,52.7,2637,16,0,2023-04-14 10:27:32.801998,2023-04-14
208,COMMERCIAL BANK OF CEYLON PLC,COMB.N0000,1048,0.0,0.0,63.0,63.0,64.0,62.0,1681287948533,01/JAN/1970,2336934.7,37021,43,73535895846.0,0.0,63.5,63.0,37021,43,0,2023-04-14 10:27:32.801998,2023-04-14
1798,COMMERCIAL CREDIT AND FINANCE PLC,COCR.N0000,182,5.6,1.4,26.4,25.0,26.9,25.1,1681289961734,01/JUN/2011,216828.3,8312,29,8397163236.0,0.0,25.1,26.4,8312,29,2,2023-04-14 10:27:32.801998,2023-04-14
490,COMMERCIAL DEVELOPMENT COMPANY PLC,COMD.N0000,1,0.0,0.0,98.0,98.0,99.5,99.5,1681282818436,01/JAN/1983,99.5,1,1,1176000000.0,0.0,99.5,98.0,1,1,2,2023-04-14 10:27:32.801998,2023-04-14
168,CONVENIENCE FOODS LANKA PLC,SOY.N0000,5,0.0,0.0,1208.0,1208.0,1250.0,1250.0,1681282715209,13/MAY/1992,6250.0,5,1,3322000000.0,0.0,1250.0,1208.0,5,1,0,2023-04-14 10:27:32.801998,2023-04-14
123,DANKOTUWA PORCELAIN PLC,DPL.N0000,50,1.3953488372093024,0.3,21.8,21.5,22.6,21.5,1681286267467,21/FEB/1995,306146.4,13979,30,3543653656.0,0.0,21.5,21.8,13979,30,0,2023-04-14 10:27:32.801998,2023-04-14
239,DFCC BANK PLC,DFCC.N0000,8,3.5211267605633805,1.5,44.1,42.6,45.0,41.5,1681288618174,01/JAN/1956,323860.2,7406,24,18607935685.5,0.0,42.0,44.1,7406,24,0,2023-04-14 10:27:32.801998,2023-04-14
471,DIALOG AXIATA PLC,DIAL.N0000,1500,0.970873786407767,0.1,10.4,10.3,10.4,10.2,1681288745605,28/JUL/2005,917161.0,88905,27,85775459172.0,0.0,10.4,10.4,88905,27,0,2023-04-14 10:27:32.801998,2023-04-14
375,DIESEL & MOTOR ENGINEERING PLC,DIMO.N0000,15,0.0,0.0,460.5,460.5,474.25,459.5,1681287733752,01/JAN/1964,246667.5,536,12,4251102987.0,0.0,459.5,460.5,536,12,0,2023-04-14 10:27:32.801998,2023-04-14
399,DIPPED PRODUCTS PLC,DIPD.N0000,20,0.0,0.0,28.4,28.4,28.5,28.2,1681289976342,01/JAN/1982,1827853.1,64460,120,17000669408.0,0.0,28.4,28.4,64460,120,0,2023-04-14 10:27:32.801998,2023-04-14
68,DISTILLERIES COMPANY OF SRI LANKA PLC,DIST.N0000,20,0.0,0.0,19.0,19.0,19.2,18.8,1681287889959,10/AUG/1992,10767822.0,566695,28,87400000000.0,0.0,19.0,19.0,566695,28,3,2023-04-14 10:27:32.801998,2023-04-14
455,DOLPHIN HOTELS PLC,STAF.N0000,196,1.492537313432836,0.5,34.0,33.5,34.2,33.5,1681289771751,01/JAN/1982,2416217.5,71604,33,2150260436.0,0.0,33.5,34.0,71604,33,0,2023-04-14 10:27:32.801998,2023-04-14
26,E B CREASY & COMPANY PLC,EBCR.N0000,3,0.0,0.0,21.0,21.0,20.9,20.9,1681280150061,01/JAN/1968,104.5,5,2,5324461800.0,0.0,20.9,21.0,5,2,0,2023-04-14 10:27:32.801998,2023-04-14
5173,E M L CONSULTANTS PLC,EML.N0000,5000,0.0,0.0,4.2,4.2,4.3,4.1,1681287458343,27/SEP/2021,524606.5,126095,37,381780000.0,0.0,4.2,4.2,126095,37,5,2023-04-14 10:27:32.801998,2023-04-14
460,E - CHANNELLING PLC,ECL.N0000,127,0.0,0.0,18.0,18.0,18.5,17.5,1681289823683,21/MAY/2002,1905750.4,105741,52,2198365470.0,0.0,18.5,18.0,105741,52,2,2023-04-14 10:27:32.801998,2023-04-14
403,EAST WEST PROPERTIES PLC,EAST.N0000,1500,4.545454545454546,0.4,9.2,8.8,9.4,9.0,1681289189792,01/JAN/1983,4688375.1,513100,93,1271808000.0,0.0,9.0,9.2,513100,93,0,2023-04-14 10:27:32.801998,2023-04-14
405,EASTERN MERCHANTS PLC,EMER.N0000,100,1.0638297872340425,0.1,9.5,9.4,9.6,9.4,1681286059932,01/JAN/1982,295928.5,31158,18,1115737000.0,0.0,9.6,9.5,31158,18,0,2023-04-14 10:27:32.801998,2023-04-14
348,EDEN HOTEL LANKA PLC,EDEN.N0000,2641,2.3391812865497075,0.4,17.5,17.1,17.7,17.0,1681289923678,13/DEC/1993,4220212.0,241544,94,9240000000.0,0.0,17.4,17.5,241544,94,3,2023-04-14 10:27:32.801998,2023-04-14
115,ELPITIYA PLANTATIONS PLC,ELPL.N0000,50,1.4175257731958764,1.1,78.7,77.6,79.3,78.0,1681288553937,08/DEC/2000,907962.2,11522,17,5734587883.6,0.0,78.1,78.7,11522,17,2,2023-04-14 10:27:32.801998,2023-04-14
5231,Ex-pack Corrugated Cartons PLC,PACK.N0000,2,2.684563758389262,0.4,15.3,14.9,15.4,15.0,1681289982143,10/NOV/2021,1273827.7,83908,87,5099999994.9,0.0,15.2,15.3,83908,87,0,2023-04-14 10:27:32.801998,2023-04-14
1803,EXPOLANKA HOLDINGS PLC,EXPO.N0000,9927,-2.522255192878338,-4.25,164.25,168.5,169.5,162.25,1681289977525,13/JUN/2011,114786665.0,695625,1074,321094788750.0,0.0,168.0,164.25,695625,1074,0,2023-04-14 10:27:32.801998,2023-04-14
5472,EXTERMINATORS PLC,EXT.N0000,10,-2.380952380952381,-0.2,8.2,8.4,8.4,8.2,1681289551798,30/MAR/2022,2428.2,296,3,433390163.8,0.0,8.4,8.2,296,3,2,2023-04-14 10:27:32.801998,2023-04-14
528,FIRST CAPITAL HOLDINGS PLC,CFVF.N0000,520,1.4619883040935673,0.5,34.7,34.2,35.5,34.2,1681289961546,22/AUG/1994,15278731.3,438337,209,14053500000.0,0.0,34.2,34.7,438337,209,2,2023-04-14 10:27:32.801998,2023-04-14
5330,First Capital Treasuries PLC,FCT.N0000,2000,2.0408163265306123,0.5,25.0,24.5,25.9,24.0,1681289997789,02/MAR/2015,45576600.9,1797280,384,15390000000.0,0.0,24.0,25.0,1797280,384,0,2023-04-14 10:27:32.801998,2023-04-14
116,GALADARI HOTELS (LANKA) PLC,GHLL.N0000,25,4.666666666666667,0.7,15.7,15.0,15.9,15.0,1681289006324,01/JAN/1970,9927287.1,639270,190,7863024154.8,0.0,15.3,15.7,639270,190,2,2023-04-14 10:27:32.801998,2023-04-14
533,GALLE FACE CAPITAL PARTNERS PLC,WAPO.N0000,20,1.7647058823529411,0.3,17.3,17.0,17.4,17.1,1681289360663,21/NOV/2001,42663.2,2466,14,446924878.4,0.0,17.4,17.3,2466,14,0,2023-04-14 10:27:32.801998,2023-04-14
466,GESTETNER OF CEYLON PLC,GEST.N0000,1000,1.0719754977029097,0.7,66.0,65.3,66.8,66.0,1681288553137,01/JAN/1965,812596.0,12312,19,175415592.0,0.0,66.8,66.0,12312,19,0,2023-04-14 10:27:32.801998,2023-04-14
132,HAPUGASTENNE PLANTATIONS PLC,HAPU.N0000,1,7.30593607305936,3.2,47.0,43.8,49.8,44.8,1681280814722,25/MAR/1998,29380.9,622,11,2176842083.0,0.0,48.0,47.0,622,11,2,2023-04-14 10:27:32.801998,2023-04-14
340,HATTON NATIONAL BANK PLC,HNB.X0000,100,2.549246813441483,2.2,88.5,86.3,90.0,86.3,1681282260231,01/JAN/1971,1820584.4,20367,26,9479452444.5,0.0,86.5,88.5,20367,26,0,2023-04-14 10:27:32.801998,2023-04-14
172,HATTON NATIONAL BANK PLC,HNB.N0000,100,1.6260162601626016,2.0,125.0,123.0,126.75,125.0,1681288532057,01/JAN/1971,11764696.25,94109,37,53555373125.0,0.0,125.0,125.0,94109,37,0,2023-04-14 10:27:32.801998,2023-04-14
4058,HATTON PLANTATIONS PLC,HPL.N0000,1000,0.4807692307692308,0.1,20.9,20.8,21.2,20.9,1681283910624,02/FEB/2018,27666.0,1320,5,4946333423.9,0.0,20.9,20.9,1320,5,2,2023-04-14 10:27:32.801998,2023-04-14
31,HAYCARB PLC,HAYC.N0000,987,0.5025125628140703,0.3,60.0,59.7,60.1,58.7,1681289823740,01/JAN/1975,6264540.2,104525,60,17827425000.0,0.0,58.7,60.0,104525,60,0,2023-04-14 10:27:32.801998,2023-04-14
331,HAYLEYS FABRIC PLC,MGT.N0000,4788,-0.7843137254901961,-0.2,25.3,25.5,25.5,25.2,1681289985805,23/APR/2003,400476.6,15827,23,10511688932.8,0.0,25.3,25.3,15827,23,0,2023-04-14 10:27:32.801998,2023-04-14
524,HAYLEYS FIBRE PLC,HEXP.N0000,200,0.19646365422396855,0.1,51.0,50.9,51.0,50.7,1681288834231,17/MAR/1992,27892.5,547,8,1224000000.0,0.0,51.0,51.0,547,8,0,2023-04-14 10:27:32.801998,2023-04-14
214,HAYLEYS LEISURE PLC,CONN.N0000,2000,0.8130081300813008,0.2,24.8,24.6,26.8,23.5,1681289806538,11/MAR/1996,10839854.6,423448,121,2678150958.4,0.0,23.6,24.8,423448,121,0,2023-04-14 10:27:32.801998,2023-04-14
175,HAYLEYS PLC,HAYL.N0000,15,-1.2328767123287672,-0.9,72.1,73.0,73.0,72.0,1681289970203,01/JAN/1953,26574956.6,365785,380,54075000000.0,0.0,73.0,72.1,365785,380,0,2023-04-14 10:27:32.801998,2023-04-14
5431,HELA APPAREL HOLDINGS PLC,HELA.N0000,50,0.0,0.0,8.0,8.0,8.1,8.0,1681289874357,07/FEB/2022,277592.4,34604,61,10479647464.0,0.0,8.0,8.0,34604,61,0,2023-04-14 10:27:32.801998,2023-04-14
325,HEMAS HOLDINGS PLC,HHL.N0000,20,-1.5384615384615385,-1.0,64.0,65.0,66.0,64.0,1681288830502,15/OCT/2003,35616331.9,556454,59,38178945600.0,0.0,64.3,64.0,1806454,61,0,2023-04-14 10:27:32.801998,2023-04-14
2229,HIKKADUWA BEACH RESORT PLC,CITH.N0000,3,0.0,0.0,5.3,5.3,5.6,5.6,1681280428998,17/DEC/2012,16.8,3,1,1509961276.2,0.0,5.6,5.3,3,1,2,2023-04-14 10:27:32.801998,2023-04-14
5,HNB ASSURANCE PLC,HASU.N0000,1,3.225806451612903,1.5,48.0,46.5,48.5,46.7,1681288197826,28/NOV/2003,240284.5,5006,7,7200000000.0,0.0,46.7,48.0,5006,7,0,2023-04-14 10:27:32.801998,2023-04-14
4680,HNB FINANCE PLC,HNBF.N0000,13,0.0,0.0,5.3,5.3,5.3,5.1,1681287255537,08/JAN/2020,51709.3,9871,17,7533317307.2,0.0,5.3,5.3,9871,17,2,2023-04-14 10:27:32.801998,2023-04-14
103,HORANA PLANTATIONS PLC,HOPL.N0000,7,1.6981132075471699,0.9,53.9,53.0,53.9,53.5,1681286660036,12/FEB/1996,275362.4,5109,8,1347500000.0,0.0,53.9,53.9,5109,8,0,2023-04-14 10:27:32.801998,2023-04-14
183,HOTEL SIGIRIYA PLC,HSIG.N0000,400,0.303951367781155,0.1,33.0,32.9,34.0,33.0,1681287747488,01/JAN/1981,123330.8,3644,19,580041000.0,0.0,33.9,33.0,3644,19,0,2023-04-14 10:27:32.801998,2023-04-14
355,HOUSING DEVELOPMENT FINANCE CORPORATION BANK OF SL,HDFC.N0000,1,-4.482758620689655,-1.3,27.7,29.0,29.7,27.7,1681287236502,12/NOV/2003,687718.7,24785,13,1792481404.0,0.0,29.7,27.7,24785,13,0,2023-04-14 10:27:32.801998,2023-04-14
5311,hSenid Business Solutions PLC,HBS.N0000,738,0.0,0.0,14.9,14.9,14.9,14.8,1681289311540,21/DEC/2021,336240.2,22664,56,4122761102.4,0.0,14.9,14.9,22664,56,0,2023-04-14 10:27:32.801998,2023-04-14
276,HUNAS HOLDINGS PLC,HUNA.N0000,110,-4.545454545454546,-1.4,29.4,30.8,30.5,28.7,1681289854397,18/OCT/1993,864663.5,28451,9,24806250000.0,0.0,30.4,29.4,28451,9,3,2023-04-14 10:27:32.801998,2023-04-14
134,HUNTER & COMPANY PLC,HUNT.N0000,1,0.0,0.0,710.75,710.75,710.0,700.0,1681286513932,01/JAN/1947,5655.75,8,6,3656808750.0,0.0,700.0,710.75,8,6,0,2023-04-14 10:27:32.801998,2023-04-14
1786,HVA FOODS PLC,HVA.N0000,100,0.0,0.0,3.8,3.8,4.0,3.8,1681289245610,15/FEB/2011,51473.0,13462,28,441750589.0,0.0,3.8,3.8,13462,28,2,2023-04-14 10:27:32.801998,2023-04-14
269,INDUSTRIAL ASPHALTS (CEYLON) PLC,ASPH.N0000,113785,0.0,0.0,0.3,0.3,0.4,0.3,1681289826210,01/JAN/1978,39004.0,129660,15,1124823375.0,0.0,0.3,0.3,129660,15,0,2023-04-14 10:27:32.801998,2023-04-14
941,JANASHAKTHI INSURANCE PLC,JINS.N0000,890,2.127659574468085,0.6,28.8,28.2,29.8,28.0,1681287019515,21/JUL/2008,955849.0,33666,20,6523953206.4,0.0,28.2,28.8,33666,20,2,2023-04-14 10:27:32.801998,2023-04-14
5127,JAT HOLDINGS PLC,JAT.N0000,1000,0.0,0.0,16.2,16.2,16.3,16.0,1681289990998,12/AUG/2021,1283635.1,79645,27,8268605922.6,0.0,16.2,16.2,79645,27,3,2023-04-14 10:27:32.801998,2023-04-14
4019,JETWING SYMPHONY PLC,JETS.N0000,47701,1.4285714285714286,0.1,7.1,7.0,7.2,7.0,1681289977503,05/JAN/2018,6384715.4,890415,101,4275538768.9,0.0,7.1,7.1,890415,101,2,2023-04-14 10:27:32.801998,2023-04-14
297,JOHN KEELLS HOLDINGS PLC,JKH.N0000,1,-0.9009009009009009,-1.25,137.5,138.75,139.0,137.25,1681289495014,23/OCT/1986,37083440.25,269651,145,190426036900.0,0.0,138.75,137.5,269651,145,0,2023-04-14 10:27:32.801998,2023-04-14
104,JOHN KEELLS HOTELS PLC,KHL.N0000,3000,0.5555555555555556,0.1,18.1,18.0,18.5,18.0,1681287964119,17/SEP/2004,757424.8,41818,26,26356256718.0,0.0,18.4,18.1,41818,26,2,2023-04-14 10:27:32.801998,2023-04-14
284,JOHN KEELLS PLC,JKL.N0000,14,0.46511627906976744,0.3,64.8,64.5,66.9,64.3,1681287724319,01/JAN/1974,7580.9,117,13,3939840000.0,0.0,64.4,64.8,117,13,2,2023-04-14 10:27:32.801998,2023-04-14
8,KAHAWATTE  PLANTATIONS  PLC,KAHA.N0000,100,3.4482758620689653,0.7,21.0,20.3,21.1,20.1,1681278094720,02/DEC/1998,44230.0,2110,5,2087540511.0,0.0,21.1,21.0,2110,5,0,2023-04-14 10:27:32.801998,2023-04-14
5371,KAPRUKA HOLDINGS PLC,KPHL.N0000,50,-1.1494252873563218,-0.1,8.6,8.7,8.8,8.5,1681283594730,07/JAN/2022,75075.0,8760,11,1411521096.0,0.0,8.5,8.6,8760,11,0,2023-04-14 10:27:32.801998,2023-04-14
227,KEELLS FOOD PRODUCTS PLC,KFP.N0000,102,6.25,10.0,170.0,160.0,170.0,167.0,1681289438577,01/JAN/1983,170609.5,1004,15,4335000000.0,0.0,167.75,170.0,1004,15,2,2023-04-14 10:27:32.801998,2023-04-14
372,KEGALLE  PLANTATIONS  PLC,KGAL.N0000,1,0.0,0.0,126.0,126.0,136.0,127.5,1681289509683,08/JAN/1996,10497.75,82,5,3150000000.0,0.0,127.5,126.0,82,5,0,2023-04-14 10:27:32.801998,2023-04-14
279,KELANI CABLES PLC,KCAB.N0000,1,0.0,0.0,284.0,284.0,285.0,279.5,1681286665866,01/JAN/1974,389299.75,1370,21,6191200000.0,0.0,285.0,284.0,1370,21,0,2023-04-14 10:27:32.801998,2023-04-14
82,KELANI TYRES PLC,TYRE.N0000,1,0.1724137931034483,0.1,58.1,58.0,58.5,58.0,1681287849517,28/JAN/1994,135476.5,2335,7,4671240000.0,0.0,58.0,58.1,2335,7,0,2023-04-14 10:27:32.801998,2023-04-14
316,KELANI VALLEY PLANTATIONS PLC,KVAL.N0000,7276,0.3851091142490372,0.3,78.2,77.9,79.0,77.1,1681289995595,18/JAN/1996,2756175.3,35235,51,5317600000.0,0.0,77.5,78.2,35235,51,0,2023-04-14 10:27:32.801998,2023-04-14
7,KELSEY DEVELOPMENTS PLC,KDL.N0000,152,0.4608294930875576,0.1,21.8,21.7,22.1,21.0,1681286184858,01/JAN/1984,42920.8,1994,18,379958173.2,0.0,21.1,21.8,1994,18,2,2023-04-14 10:27:32.801998,2023-04-14
147,KOTAGALA PLANTATIONS PLC,KOTA.N0000,1800,4.838709677419355,0.3,6.5,6.2,6.5,6.2,1681289975816,12/DEC/1995,2951005.9,466336,162,2200331250.0,0.0,6.3,6.5,466336,162,0,2023-04-14 10:27:32.801998,2023-04-14
389,KOTMALE HOLDINGS PLC,LAMB.N0000,1,0.0,0.0,386.25,386.25,366.25,366.25,1681286729942,01/JAN/1969,366.25,1,1,12128250000.0,0.0,366.25,386.25,1,1,3,2023-04-14 10:27:32.801998,2023-04-14
322,LB FINANCE PLC,LFIN.N0000,5,-0.528169014084507,-0.3,56.5,56.8,57.8,56.5,1681289411692,30/DEC/1997,1305368.1,22940,31,31304228184.0,0.0,56.5,56.5,22940,31,0,2023-04-14 10:27:32.801998,2023-04-14
18,LANKA ALUMINIUM INDUSTRIES PLC,LALU.N0000,330,0.5747126436781609,0.1,17.5,17.4,18.0,17.1,1681289806107,20/APR/1987,466192.7,26290,37,1198997012.5,0.0,17.3,17.5,26290,37,0,2023-04-14 10:27:32.801998,2023-04-14
259,LANKA CERAMIC PLC,CERA.N0000,1,0.0,0.0,102.0,102.0,109.5,109.5,1681286551732,07/APR/1993,109.5,1,1,612000000.0,0.0,109.5,102.0,1,1,2,2023-04-14 10:27:32.801998,2023-04-14
5251,LANKA CREDIT AND BUSINESS FINANCE PLC,LCBF.N0000,2000,0.0,0.0,2.4,2.4,2.5,2.4,1681289814374,16/NOV/2021,257257.5,107183,11,1896405072.0,0.0,2.4,2.4,107183,11,2,2023-04-14 10:27:32.801998,2023-04-14
553,LANKA IOC PLC,LIOC.N0000,50,-1.1111111111111112,-2.0,178.0,180.0,181.0,177.0,1681290000394,22/DEC/2004,32461981.25,181224,328,94778895490.0,0.0,180.0,178.0,181224,328,0,2023-04-14 10:27:32.801998,2023-04-14
518,LANKA MILK FOODS (CWE) PLC,LMF.N0000,15,-2.3972602739726026,-3.5,142.5,146.0,143.75,140.25,1681289985379,01/JAN/1983,627706.75,4414,37,5699715000.0,0.0,140.25,142.5,4414,37,0,2023-04-14 10:27:32.801998,2023-04-14
250,LANKA REALTY INVESTMENTS PLC,ASCO.N0000,300,-5.0,-0.7,13.3,14.0,14.0,13.2,1681289939594,01/JAN/1969,627339.3,46582,37,2811226692.4,0.0,13.8,13.3,46582,37,0,2023-04-14 10:27:32.801998,2023-04-14
337,LANKA TILES PLC,TILE.N0000,300,-0.425531914893617,-0.2,46.8,47.0,47.8,46.5,1681289391319,01/JUN/1986,685351.8,14637,39,12413795940.0,0.0,47.8,46.8,14637,39,0,2023-04-14 10:27:32.801998,2023-04-14
443,LANKA VENTURES PLC,LVEN.N0000,112,0.0,0.0,38.0,38.0,38.0,38.0,1681288660708,08/JUN/1995,4256.0,112,1,1900000000.0,0.0,38.0,38.0,112,1,0,2023-04-14 10:27:32.801998,2023-04-14
67,LANKA WALLTILE PLC,LWL.N0000,91,-0.3937007874015748,-0.2,50.6,50.8,51.8,50.4,1681289978785,13/JUN/1994,1978168.6,38975,82,13813800000.0,0.0,50.7,50.6,38975,82,0,2023-04-14 10:27:32.801998,2023-04-14
527,LANKEM CEYLON PLC,LCEY.N0000,100,1.0650887573964498,0.9,85.4,84.5,87.0,80.0,1681289975075,01/JAN/1970,1175588.6,13557,36,4395602647.8,0.0,80.0,85.4,13557,36,2,2023-04-14 10:27:32.801998,2023-04-14
546,LANKEM DEVELOPMENTS PLC,LDEV.N0000,19464,0.7352941176470589,0.2,27.4,27.2,27.8,27.3,1681288956200,01/JAN/1975,3801025.0,137627,52,3288000000.0,0.0,27.5,27.4,137627,52,0,2023-04-14 10:27:32.801998,2023-04-14
1744,LAUGFS GAS PLC,LGL.X0000,1000,1.0362694300518134,0.2,19.5,19.3,19.5,18.6,1681288915116,08/DEC/2010,234445.1,12115,19,1014000000.0,0.0,18.6,19.5,12115,19,0,2023-04-14 10:27:32.801998,2023-04-14
1724,LAUGFS GAS PLC,LGL.N0000,999,0.33444816053511706,0.1,30.0,29.9,30.4,29.0,1681289129013,08/DEC/2010,220127.0,7376,19,10050002580.0,0.0,29.8,30.0,7376,19,0,2023-04-14 10:27:32.801998,2023-04-14
4561,LAUGFS POWER PLC,LPL.N0000,848,4.761904761904762,0.4,8.8,8.4,8.9,8.7,1681287137356,30/OCT/2019,46267.6,5257,23,2948000756.8,0.0,8.8,8.8,5257,23,2,2023-04-14 10:27:32.801998,2023-04-14
4562,LAUGFS POWER PLC,LPL.X0000,10,2.857142857142857,0.2,7.2,7.0,7.5,7.0,1681287354939,30/OCT/2019,58011.6,8015,11,374400000.0,0.0,7.3,7.2,8015,11,2,2023-04-14 10:27:32.801998,2023-04-14
382,LAXAPANA BATTERIES PLC,LITE.N0000,989,-1.5151515151515151,-0.2,13.0,13.2,13.2,13.0,1681286059358,01/JAN/1982,106572.4,8165,28,860924207.0,0.0,13.2,13.0,8165,28,0,2023-04-14 10:27:32.801998,2023-04-14
198,LEE HEDGES PLC,SHAW.N0000,193,5.125,4.1,84.1,80.0,86.0,80.8,1681282396354,01/JAN/1954,25649.0,305,4,2153189593.0,0.0,80.8,84.1,305,4,0,2023-04-14 10:27:32.801998,2023-04-14
415,LION BREWERY (CEYLON) PLC,LION.N0000,2,0.0,0.0,714.0,714.0,710.0,710.0,1681282212685,22/JAN/1997,2840.0,4,2,57120000000.0,0.0,710.0,714.0,4,2,0,2023-04-14 10:27:32.801998,2023-04-14
1847,LOLC FINANCE PLC,LOFC.N0000,600,-1.639344262295082,-0.1,6.0,6.1,6.1,6.0,1681289990668,07/JUL/2011,5711209.0,946818,184,198475273794.0,0.0,6.0,6.0,946818,184,3,2023-04-14 10:27:32.801998,2023-04-14
5355,LOLC GENERAL INSURANCE PLC,LGIL.N0000,200,0.0,0.0,6.8,6.8,7.0,6.7,1681289997350,31/DEC/2021,1979023.1,290253,62,8160000000.0,0.0,7.0,6.8,290253,62,0,2023-04-14 10:27:32.801998,2023-04-14
410,L O L C HOLDINGS PLC,LOLC.N0000,2,-1.539448364336113,-6.0,383.75,389.75,398.5,375.0,1681289913480,01/JAN/1982,6991896.75,18119,187,182358000000.0,0.0,390.0,383.75,18119,187,0,2023-04-14 10:27:32.801998,2023-04-14
1665,LOTUS HYDRO POWER PLC,HPFL.N0000,2,-1.25,-0.1,7.9,8.0,8.0,7.9,1681287754953,25/NOV/2010,31548.0,3956,10,861796084.8,0.0,8.0,7.9,3956,10,2,2023-04-14 10:27:32.801998,2023-04-14
5532,LUMINEX PLC,LUMX.N0000,2,0.0,0.0,7.2,7.2,7.3,7.2,1681289910276,23/JUN/2022,87142.9,12103,9,1953000000.0,0.0,7.2,7.2,12103,9,2,2023-04-14 10:27:32.801998,2023-04-14
4038,L V L ENERGY FUND PLC,LVEF.N0000,268,2.7777777777777777,0.2,7.4,7.2,7.7,7.1,1681284578067,09/JAN/2018,232710.7,32662,25,4308858065.8,0.0,7.1,7.4,32662,25,0,2023-04-14 10:27:32.801998,2023-04-14
2091,MACKWOODS ENERGY PLC,MEL.N0000,2,0.0,0.0,2.3,2.3,2.3,2.3,1681286666529,25/APR/2012,101.2,44,4,230000000.0,0.0,2.3,2.3,44,4,2,2023-04-14 10:27:32.801998,2023-04-14
170,MADULSIMA  PLANTATIONS  PLC,MADU.N0000,100,4.545454545454546,0.5,11.5,11.0,11.7,11.4,1681285719265,06/JUL/1998,26092.0,2270,7,1949262615.5,0.0,11.5,11.5,2270,7,3,2023-04-14 10:27:32.801998,2023-04-14
4439,MAHAWELI COCONUT PLANTATIONS PLC,MCPL.N0000,1,0.0,0.0,36.5,36.5,36.3,36.3,1681281366339,03/JUN/2019,36.3,1,1,1277358197.5,0.0,36.3,36.5,1,1,2,2023-04-14 10:27:32.801998,2023-04-14
187,MAHAWELI REACH HOTELS PLC,MRH.N0000,20,2.2058823529411766,0.3,13.9,13.6,13.9,13.6,1681281344933,01/JAN/1982,6527.0,470,4,654223613.3,0.0,13.9,13.9,470,4,2,2023-04-14 10:27:32.801998,2023-04-14
439,MALWATTE VALLEY PLANTATION PLC,MAL.N0000,85,-0.2597402597402597,-0.2,76.8,77.0,76.8,74.0,1681289236000,26/JUL/2000,76210.0,1000,6,15574451020.8,0.0,74.0,76.8,1000,6,0,2023-04-14 10:27:32.801998,2023-04-14
107,MARAWILA  RESORTS  PLC,MARA.N0000,2000,0.0,0.0,2.2,2.2,2.3,2.2,1681288016688,18/JUN/1997,240044.5,105907,34,501600000.0,0.0,2.3,2.2,105907,34,2,2023-04-14 10:27:32.801998,2023-04-14
388,MASKELIYA PLANTATIONS PLC,MASK.N0000,1,3.4482758620689653,1.3,39.0,37.7,40.2,39.0,1681289670386,05/NOV/1997,79468.5,2014,18,2104186071.0,0.0,39.5,39.0,2014,18,2,2023-04-14 10:27:32.801998,2023-04-14
3695,MELSTACORP PLC,MELS.N0000,1,0.0,0.0,54.5,54.5,54.5,54.2,1681289170758,30/DEC/2016,5803978.8,106573,49,63514140424.0,0.0,54.5,54.5,106573,49,0,2023-04-14 10:27:32.801998,2023-04-14
209,MERCANTILE SHIPPING COMPANY PLC,MSL.N0000,1,0.0,0.0,162.5,162.5,188.0,186.25,1681281568237,01/JAN/1983,14989.5,80,11,462310875.0,0.0,187.75,162.5,80,11,0,2023-04-14 10:27:32.801998,2023-04-14
400,MERCHANT BANK OF SRI LANKA & FINANCE PLC,MBSL.N0000,4000,-2.7027027027027026,-0.1,3.6,3.7,3.8,3.5,1681287592393,04/JAN/1991,90426.7,24938,19,1888342693.2,0.0,3.7,3.6,24938,19,0,2023-04-14 10:27:32.801998,2023-04-14
3055,MILLENNIUM HOUSING DEVELOPERS PLC,MHDL.N0000,500,-3.225806451612903,-0.1,3.0,3.1,3.1,3.0,1681286778050,19/FEB/2014,26695.5,8855,7,404043960.0,0.0,3.1,3.0,8855,7,2,2023-04-14 10:27:32.801998,2023-04-14
384,MULLER & PHIPPS (CEYLON) PLC,MULL.N0000,5000,0.0,0.0,1.1,1.1,1.2,1.1,1681287998145,01/JAN/1965,42851.2,36126,13,311300000.0,0.0,1.2,1.1,36126,13,0,2023-04-14 10:27:32.801998,2023-04-14
5351,MYLAND DEVELOPMENTS PLC,MDL.N0000,25,1.1111111111111112,0.1,9.1,9.0,9.3,9.0,1681289962167,28/DEC/2021,41645.1,4594,17,329875000.0,0.0,9.1,9.1,4594,17,2,2023-04-14 10:27:32.801998,2023-04-14
291,NAMUNUKULA PLANTATIONS PLC,NAMU.N0000,10,3.319502074688797,12.0,373.5,361.5,374.0,365.0,1681283993135,10/MAR/1999,802361.5,2156,27,8870625000.0,0.0,370.75,373.5,2156,27,0,2023-04-14 10:27:32.801998,2023-04-14
218,NATION LANKA FINANCE PLC,CSF.N0000,100,-20.0,-0.1,0.4,0.5,0.5,0.4,1681288313268,13/JUN/1994,98970.5,211941,20,1173534735.6,0.0,0.5,0.4,211941,20,0,2023-04-14 10:27:32.801998,2023-04-14
77,NATIONAL DEVELOPMENT BANK PLC,NDB.N0000,5,0.6756756756756757,0.3,44.7,44.4,45.0,44.0,1681289854779,26/APR/1993,1339657.1,30089,47,16990234073.4,0.0,44.1,44.7,30089,47,0,2023-04-14 10:27:32.801998,2023-04-14
4077,NATIONS TRUST BANK PLC,NTB.X0000,409,9.154929577464788,5.2,62.0,56.8,62.5,61.5,1681283796916,03/MAY/1999,43255.2,696,9,2689121350.0,0.0,62.5,62.0,696,9,0,2023-04-14 10:27:32.801998,2023-04-14
9,NATIONS TRUST BANK PLC,NTB.N0000,38,-0.9584664536741214,-0.6,62.0,62.6,62.9,61.5,1681289683056,03/MAY/1999,651121.3,10551,19,17127316170.0,0.0,61.5,62.0,10551,19,0,2023-04-14 10:27:32.801998,2023-04-14
230,NAWALOKA HOSPITALS PLC,NHL.N0000,54,1.7241379310344827,0.1,5.9,5.8,6.0,5.7,1681289449433,09/SEP/2004,3713.8,634,12,8316083016.4,0.0,5.7,5.9,634,12,1,2023-04-14 10:27:32.801998,2023-04-14
270,NESTLE LANKA PLC,NEST.N0000,8,0.7547169811320755,8.0,1068.0,1060.0,1068.0,1067.0,1681289472656,01/JAN/1983,334271.75,313,9,57378794484.0,0.0,1067.75,1068.0,313,9,2,2023-04-14 10:27:32.801998,2023-04-14
1596,ODEL PLC,ODEL.N0000,1,1.2269938650306749,0.2,16.5,16.3,16.5,15.5,1681289404054,04/AUG/2010,60285.1,3787,23,4490135611.5,0.0,16.1,16.5,3787,23,3,2023-04-14 10:27:32.801998,2023-04-14
492,ON'ALLY HOLDINGS PLC,ONAL.N0000,5,0.0,0.0,28.1,28.1,30.0,28.3,1681289374444,20/OCT/1988,920.8,31,4,2613386744.7,0.0,28.3,28.1,31,4,3,2023-04-14 10:27:32.801998,2023-04-14
3495,ORIENT FINANCE PLC,BFN.N0000,1,0.0,0.0,8.5,8.5,8.8,8.4,1681289983882,30/JUN/2011,241920.4,28502,7,1794359817.5,0.0,8.4,8.5,28502,7,3,2023-04-14 10:27:32.801998,2023-04-14
387,OVERSEAS REALTY (CEYLON) PLC,OSEA.N0000,1000,1.2903225806451613,0.2,15.7,15.5,15.9,15.4,1681289944149,01/JAN/1982,3041344.7,195531,52,19515564437.4,0.0,15.5,15.7,195531,52,0,2023-04-14 10:27:32.801998,2023-04-14
354,PALM GARDEN HOTELS PLC,PALM.N0000,1,0.0,0.0,57.4,57.4,58.6,55.1,1681289311851,08/MAR/1993,348.1,6,2,2483525800.0,0.0,58.6,57.4,6,2,2,2023-04-14 10:27:32.801998,2023-04-14
105,PAN ASIA BANKING CORPORATION PLC,PABC.N0000,1,1.694915254237288,0.2,12.0,11.8,12.2,11.8,1681289332255,05/APR/2005,829260.7,70134,22,5310739548.0,0.0,12.2,12.0,70134,22,0,2023-04-14 10:27:32.801998,2023-04-14
1784,PANASIAN POWER PLC,PAP.N0000,1,0.0,0.0,3.3,3.3,3.4,3.2,1681289240958,07/JAN/2011,111973.8,33908,28,2062500000.0,0.0,3.3,3.3,33908,28,0,2023-04-14 10:27:32.801998,2023-04-14
504,PEGASUS HOTELS OF CEYLON PLC,PEG.N0000,100,5.3125,1.7,33.7,32.0,33.7,30.2,1681289838917,01/JAN/1970,12820.2,401,3,1137994271.2,0.0,31.4,33.7,401,3,2,2023-04-14 10:27:32.801998,2023-04-14
3461,PEOPLE'S INSURANCE PLC,PINS.N0000,1,-2.2222222222222223,-0.5,22.0,22.5,23.2,22.0,1681289189567,12/JAN/2016,23854.4,1061,13,4400000000.0,0.0,22.8,22.0,1061,13,0,2023-04-14 10:27:32.801998,2023-04-14
1968,PEOPLE'S LEASING & FINANCE PLC,PLC.N0000,750,-1.2345679012345678,-0.1,8.0,8.1,8.2,8.0,1681289717088,24/NOV/2011,1143958.5,142117,63,16335064928.0,0.0,8.1,8.0,142117,63,0,2023-04-14 10:27:32.801998,2023-04-14
486,PGP GLASS CEYLON PLC,GLAS.N0000,4800,0.0,0.0,19.5,19.5,19.6,19.4,1681289605221,05/SEP/1994,2773211.8,142542,34,18526678560.0,0.0,19.6,19.5,142542,34,0,2023-04-14 10:27:32.801998,2023-04-14
523,PMF FINANCE PLC,PMB.N0000,1,0.0,0.0,4.9,4.9,5.3,4.9,1681289123620,11/JUL/1994,39140.9,7781,18,1985978575.0,0.0,5.0,4.9,7781,18,2,2023-04-14 10:27:32.801998,2023-04-14
4986,PRIME LANDS RESIDENCIES PLC,PLR.N0000,1,0.0,0.0,8.0,8.0,8.1,7.8,1681289944911,08/JUN/2021,491989.6,61954,79,7500000000.0,0.0,8.1,8.0,61954,79,2,2023-04-14 10:27:32.801998,2023-04-14
258,PRINTCARE PLC,CARE.N0000,500,-2.156862745098039,-1.1,49.9,51.0,51.5,49.8,1681289736642,02/MAY/1995,405089.1,8082,43,4289736833.0,0.0,51.5,49.9,8082,43,0,2023-04-14 10:27:32.801998,2023-04-14
3815,R I L PROPERTY PLC,RIL.N0000,200,-1.7857142857142858,-0.1,5.5,5.6,5.7,5.5,1681289886620,04/MAY/2017,1456648.0,263904,54,4400000000.0,0.0,5.6,5.5,263904,54,0,2023-04-14 10:27:32.801998,2023-04-14
1561,RAIGAM WAYAMBA SALTERNS PLC,RWSL.N0000,10,-1.4285714285714286,-0.1,6.9,7.0,7.1,6.9,1681289988180,29/APR/2010,825861.7,118598,29,1947230508.0,0.0,7.0,6.9,118598,29,2,2023-04-14 10:27:32.801998,2023-04-14
2150,RAMBODA FALLS PLC,RFL.N0000,500,-1.0600706713780919,-0.3,28.0,28.3,28.1,26.2,1681289997028,18/JUN/2012,339043.7,12107,20,560000000.0,0.0,28.0,28.0,12107,20,2,2023-04-14 10:27:32.801998,2023-04-14
427,REGNIS (LANKA) PLC,REG.N0000,229,-0.21978021978021978,-0.1,45.4,45.5,45.4,45.4,1681283679076,03/SEP/1987,10396.6,229,1,1023121960.4,0.0,45.4,45.4,229,1,0,2023-04-14 10:27:32.801998,2023-04-14
1485,RENUKA AGRI FOODS PLC,RAL.N0000,1,0.0,0.0,5.3,5.3,5.4,5.3,1681289000900,04/JAN/2010,1646249.8,310342,54,2977275000.0,0.0,5.3,5.3,310342,54,0,2023-04-14 10:27:32.801998,2023-04-14
478,RENUKA CITY HOTELS PLC.,RENU.N0000,2,0.0,0.0,380.0,380.0,380.0,379.75,1681277833048,19/OCT/1992,4939.75,13,3,2660000000.0,0.0,380.0,380.0,13,3,0,2023-04-14 10:27:32.801998,2023-04-14
507,RENUKA FOODS PLC,COCO.N0000,22,0.0,0.0,21.7,21.7,23.0,21.6,1681283132069,06/JUN/1994,1148.7,53,4,2559734300.2,0.0,21.6,21.7,53,4,0,2023-04-14 10:27:32.801998,2023-04-14
1521,RENUKA FOODS PLC,COCO.X0000,400,-3.508771929824561,-0.6,16.5,17.1,16.5,16.5,1681283695069,06/JUN/1994,6600.0,400,1,78760209.0,0.0,16.5,16.5,400,1,0,2023-04-14 10:27:32.801998,2023-04-14
1481,RENUKA HOLDINGS PLC,RHL.X0000,200,0.0,0.0,12.1,12.1,12.2,11.4,1681276424514,10/MAR/2008,2679.3,222,6,283469894.4,0.0,11.4,12.1,222,6,0,2023-04-14 10:27:32.801998,2023-04-14
701,RENUKA HOLDINGS PLC,RHL.N0000,52,0.0,0.0,13.7,13.7,13.8,13.6,1681289689950,10/MAR/2008,59593.1,4352,9,2212227145.8,0.0,13.8,13.7,4352,9,0,2023-04-14 10:27:32.801998,2023-04-14
3938,RENUKA HOTELS PLC,RCH.N0000,1111,3.3707865168539324,2.4,73.6,71.2,74.0,71.5,1681287220878,21/NOV/2017,4169049.9,58118,18,2965898208.0,0.0,71.5,73.6,58118,18,2,2023-04-14 10:27:32.801998,2023-04-14
1446,RESUS ENERGY PLC,HPWR.N0000,12000,2.272727272727273,0.3,13.5,13.2,13.7,13.5,1681287049736,08/OCT/2009,162013.7,12001,2,1163495164.5,0.0,13.7,13.5,12001,2,0,2023-04-14 10:27:32.801998,2023-04-14
511,RICHARD PIERIS AND COMPANY PLC,RICH.N0000,100,-0.49019607843137253,-0.1,20.3,20.4,20.5,20.0,1681288860638,01/JAN/1951,5453419.6,271674,134,41311276982.5,0.0,20.3,20.3,271674,134,0,2023-04-14 10:27:32.801998,2023-04-14
164,RICHARD PIERIS EXPORTS PLC,REXP.N0000,2,2.7252747252747254,15.5,584.25,568.75,590.0,570.0,1681287592537,11/OCT/1993,667771.5,1165,32,6522418016.25,0.0,570.0,584.25,1165,32,2,2023-04-14 10:27:32.801998,2023-04-14
503,ROYAL CERAMICS LANKA PLC,RCL.N0000,1,-1.0169491525423728,-0.3,29.2,29.5,29.7,29.0,1681289910104,03/MAY/1994,4765970.7,162955,188,32350500128.0,0.0,29.7,29.2,162955,188,0,2023-04-14 10:27:32.801998,2023-04-14
55,ROYAL PALMS BEACH HOTELS PLC,RPBH.N0000,1,6.390977443609023,1.7,28.3,26.6,29.0,27.0,1681288821585,15/JUN/1998,2387487.5,84981,38,1415000000.0,0.0,27.0,28.3,84981,38,2,2023-04-14 10:27:32.801998,2023-04-14
266,SAMPATH BANK PLC,SAMP.N0000,250,1.7647058823529411,0.9,51.9,51.0,52.4,51.0,1681289995276,10/JUN/1987,12708749.1,245050,190,59393008264.5,0.0,51.0,51.9,245050,190,0,2023-04-14 10:27:32.801998,2023-04-14
2147,SANASA DEVELOPMENT BANK PLC,SDB.N0000,230,-4.198473282442748,-1.1,25.1,26.2,25.1,25.1,1681275837927,31/MAY/2012,10793.0,430,3,4033540683.2,0.0,25.1,25.1,430,3,0,2023-04-14 10:27:32.801998,2023-04-14
5291,SARVODAYA DEVELOPMENT FINANCE PLC,SDF.N0000,10,0.0,0.0,11.3,11.3,11.5,11.5,1681275946907,14/DEC/2021,115.0,10,1,1690435387.6,0.0,11.5,11.3,10,1,0,2023-04-14 10:27:32.801998,2023-04-14
1789,SENKADAGALA FINANCE COMPANY PLC,SFCL.N0000,1,0.0,0.0,300.5,300.5,351.5,325.0,1681287510447,22/MAR/2011,7024.0,21,5,25927090117.0,0.0,325.0,300.5,21,5,3,2023-04-14 10:27:32.801998,2023-04-14
432,SERENDIB HOTELS PLC,SHOT.X0000,2000,5.333333333333333,0.4,7.9,7.5,8.1,7.5,1681289970734,01/JAN/1973,15197427.0,1940426,300,1137949369.6,0.0,7.5,7.9,1940426,300,2,2023-04-14 10:27:32.801998,2023-04-14
246,SERENDIB HOTELS PLC,SHOT.N0000,5000,6.666666666666667,0.7,11.2,10.5,11.4,10.4,1681289997807,01/JAN/1973,11447612.9,1035173,300,3383060262.4,0.0,10.4,11.2,1035173,300,2,2023-04-14 10:27:32.801998,2023-04-14
243,SERENDIB LAND PLC,SLND.N0000,1,0.0,0.0,1319.5,1319.5,1299.25,1260.0,1681287364549,01/JAN/1983,92016.25,71,7,526356467.0,0.0,1260.0,1319.5,71,7,2,2023-04-14 10:27:32.801998,2023-04-14
213,SEYLAN BANK PLC,SEYB.X0000,1488,1.345291479820628,0.3,22.6,22.3,22.9,22.1,1681288719116,05/JAN/1989,6409108.5,286137,34,6668611673.8,0.0,22.1,22.6,286137,34,0,2023-04-14 10:27:32.801998,2023-04-14
42,SEYLAN BANK PLC,SEYB.N0000,29,-0.3021148036253776,-0.1,33.0,33.1,34.5,33.0,1681287891931,05/JAN/1989,1820696.2,55148,14,9329257080.0,0.0,34.5,33.0,55148,14,0,2023-04-14 10:27:32.801998,2023-04-14
505,SEYLAN DEVELOPMENTS PLC,CSD.N0000,299,4.958677685950414,0.6,12.7,12.1,13.0,12.4,1681289841742,08/FEB/1995,364234.0,28705,33,1879153722.0,0.0,12.7,12.7,28705,33,0,2023-04-14 10:27:32.801998,2023-04-14
176,SHALIMAR (MALAY) PLC.,SHAL.N0000,2,0.0,0.0,1317.75,1317.75,1010.25,1002.0,1681283818174,01/JAN/1970,31114.5,31,11,7113003660.0,0.0,1010.25,1317.75,31,11,3,2023-04-14 10:27:32.801998,2023-04-14
461,SHAW WALLACE INVESTMENTS PLC,KZOO.N0000,1,0.0,0.0,7.0,7.0,7.0,6.9,1681289509209,01/JAN/1958,94798.4,13701,24,1247784097.0,0.0,7.0,7.0,13701,24,0,2023-04-14 10:27:32.801998,2023-04-14
142,SIERRA CABLES PLC,SIRA.N0000,90,0.0,0.0,12.4,12.4,12.5,12.2,1681288006383,22/NOV/2005,6317.9,507,9,6665154132.0,0.0,12.5,12.4,507,9,0,2023-04-14 10:27:32.801998,2023-04-14
437,SIGIRIYA VILLAGE HOTELS PLC,SIGV.N0000,1,0.0,0.0,61.7,61.7,57.0,57.0,1681288614498,01/JAN/1980,57.0,1,1,555300000.0,0.0,57.0,61.7,1,1,0,2023-04-14 10:27:32.801998,2023-04-14
512,SINGER (SRI LANKA) PLC,SINS.N0000,800,2.7027027027027026,0.4,15.2,14.8,15.3,14.8,1681289727720,01/JAN/1981,26743651.5,1796743,55,17128674648.0,0.0,15.0,15.2,1796743,55,3,2023-04-14 10:27:32.801998,2023-04-14
1785,SINGER FINANCE LANKA PLC,SFIN.N0000,1,3.252032520325203,0.4,12.7,12.3,12.8,12.0,1681288675561,17/JAN/2011,3853288.5,307278,124,2566340752.5,0.0,12.4,12.7,307278,124,0,2023-04-14 10:27:32.801998,2023-04-14
3307,SINGHE HOSPITALS PLC,SINH.N0000,5000,0.0,0.0,2.6,2.6,2.7,2.5,1681288513006,21/APR/2015,26610.2,10400,11,1121382327.0,0.0,2.7,2.6,10400,11,2,2023-04-14 10:27:32.801998,2023-04-14
185,SMB FINANCE PLC,SEMB.N0000,100,-12.5,-0.1,0.7,0.8,0.8,0.7,1681289984646,20/DEC/1993,243213.3,340228,28,4529262533.6,0.0,0.8,0.7,340228,28,0,2023-04-14 10:27:32.801998,2023-04-14
357,SMB FINANCE PLC,SEMB.X0000,50000,0.0,0.0,0.3,0.3,0.4,0.3,1681289329605,20/DEC/1993,234932.4,783101,19,924481113.6,0.0,0.3,0.3,783101,19,0,2023-04-14 10:27:32.801998,2023-04-14
1944,SOFTLOGIC CAPITAL PLC,SCAP.N0000,900,0.0,0.0,10.8,10.8,11.0,10.6,1681289982013,21/SEP/2011,8910549.7,826376,231,10553621760.0,0.0,11.0,10.8,826376,231,2,2023-04-14 10:27:32.801998,2023-04-14
1041,SOFTLOGIC FINANCE PLC,CRL.N0000,1020,0.0,0.0,8.4,8.4,9.0,8.2,1681276247499,22/JAN/2009,61313.5,7290,17,5117370745.2,0.0,8.7,8.4,7290,17,2,2023-04-14 10:27:32.801998,2023-04-14
118,SOFTLOGIC LIFE INSURANCE PLC,AAIC.N0000,900,-2.558139534883721,-2.2,83.8,86.0,87.8,83.0,1681289851578,24/NOV/2000,6601397.0,78449,129,31425000000.0,0.0,87.8,83.8,78449,129,2,2023-04-14 10:27:32.801998,2023-04-14
556,SRI LANKA TELECOM PLC,SLTL.N0000,10,-3.366336633663366,-3.4,97.6,101.0,101.0,96.2,1681289990117,14/JAN/2003,25290226.95,258988,588,176154336000.0,0.0,101.0,97.6,258988,588,3,2023-04-14 10:27:32.801998,2023-04-14
153,STANDARD CAPITAL PLC,SING.N0000,5,0.0,0.0,41.7,41.7,46.5,42.1,1681274265675,01/JAN/1983,350.0,8,2,231052527.6,0.0,46.5,41.7,8,2,0,2023-04-14 10:27:32.801998,2023-04-14
238,SUNSHINE HOLDINGS PLC,SUN.N0000,2,-2.1141649048625792,-1.0,46.3,47.3,48.5,46.0,1681289736743,01/JAN/1983,12982103.4,279914,124,22778379022.7,0.0,47.9,46.3,279914,124,0,2023-04-14 10:27:32.801998,2023-04-14
119,SWISSTEK (CEYLON) PLC,PARQ.N0000,50,1.3513513513513513,0.2,15.0,14.8,15.0,14.8,1681289966016,01/JAN/1983,2590849.1,173779,89,2052900000.0,0.0,14.9,15.0,173779,89,0,2023-04-14 10:27:32.801998,2023-04-14
468,TAL LANKA HOTELS PLC,TAJ.N0000,1,8.49673202614379,1.3,16.6,15.3,16.7,15.7,1681288066958,01/JAN/1982,58633.6,3528,9,2317982400.4,0.0,16.2,16.6,3528,9,2,2023-04-14 10:27:32.801998,2023-04-14
477,TALAWAKELLE TEA ESTATES PLC,TPL.N0000,2000,-0.47619047619047616,-0.5,104.5,105.0,107.0,103.25,1681289970547,11/JAN/2000,9515709.5,90255,341,4963750000.0,0.0,107.0,104.5,90255,341,0,2023-04-14 10:27:32.801998,2023-04-14
482,TANGERINE BEACH HOTELS PLC,TANG.N0000,1,5.617977528089888,3.0,56.4,53.4,57.4,55.0,1681288037375,01/JAN/1983,12977.0,230,9,1128000000.0,0.0,56.0,56.4,230,9,0,2023-04-14 10:27:32.801998,2023-04-14
484,TEA SMALLHOLDER FACTORIES PLC,TSML.N0000,10,-0.22123893805309736,-0.1,45.1,45.2,46.2,45.0,1681289189109,01/AUG/1996,77398.5,1711,16,1353000000.0,0.0,46.1,45.1,1711,16,0,2023-04-14 10:27:32.801998,2023-04-14
1854,TEEJAY LANKA PLC,TJL.N0000,688,2.08955223880597,0.7,34.2,33.5,34.6,33.4,1681289975592,09/AUG/2011,1153122.6,34293,43,24512507145.0,0.0,34.0,34.2,34293,43,0,2023-04-14 10:27:32.801998,2023-04-14
4,TESS AGRO PLC,TESS.N0000,40,0.0,0.0,1.1,1.1,1.2,1.0,1681289374164,31/DEC/2002,332195.5,317185,58,558577015.7,0.0,1.1,1.1,317185,58,2,2023-04-14 10:27:32.801998,2023-04-14
2997,TESS AGRO PLC,TESS.X0000,1,12.5,0.1,0.9,0.8,0.9,0.8,1681287104219,31/DEC/2002,202.4,225,5,45000000.0,0.0,0.9,0.9,225,5,2,2023-04-14 10:27:32.801998,2023-04-14
525,THE COLOMBO FORT LAND AND BUILDING PLC,CFLB.N0000,10000,0.7434944237918215,0.2,27.1,26.9,27.8,26.0,1681285255900,01/JAN/1970,1853308.5,68010,33,6504000000.0,0.0,26.0,27.1,68010,33,0,2023-04-14 10:27:32.801998,2023-04-14
414,THE FORTRESS RESORTS PLC,RHTL.N0000,1,1.8518518518518519,0.4,22.0,21.6,22.0,20.5,1681288973563,30/MAR/1999,24033.2,1124,21,2439507048.0,0.0,20.6,22.0,1124,21,2,2023-04-14 10:27:32.801998,2023-04-14
329,THE KANDY HOTELS COMPANY (1938) PLC,KHC.N0000,25,-3.896103896103896,-0.3,7.4,7.7,7.9,7.4,1681289070113,01/JAN/1970,46115.1,6143,13,4273500000.0,0.0,7.9,7.4,6143,13,0,2023-04-14 10:27:32.801998,2023-04-14
253,THE KINGSBURY PLC,SERV.N0000,600,4.0,0.4,10.4,10.0,10.6,9.8,1681289916926,01/JAN/1982,6836029.6,657936,69,5033600000.0,0.0,9.8,10.4,657936,69,0,2023-04-14 10:27:32.801998,2023-04-14
40,THE LANKA HOSPITALS CORPORATION PLC,LHCL.N0000,50,-2.127659574468085,-2.5,115.0,117.5,118.0,115.0,1681289006936,10/JAN/2003,337283.75,2911,41,25729199435.0,0.0,118.0,115.0,2911,41,0,2023-04-14 10:27:32.801998,2023-04-14
317,THE  LIGHTHOUSE  HOTEL  PLC,LHL.N0000,862,1.845018450184502,0.5,27.6,27.1,28.9,27.0,1681287547769,29/AUG/1997,196337.3,7100,20,1269600000.0,0.0,28.9,27.6,7100,20,2,2023-04-14 10:27:32.801998,2023-04-14
93,THREE ACRE FARMS PLC,TAFL.N0000,1,4.283054003724395,5.75,140.0,134.25,142.0,136.0,1681288793790,20/MAR/1995,3390475.25,24852,54,3296300000.0,0.0,136.0,140.0,24852,54,0,2023-04-14 10:27:32.801998,2023-04-14
15,TOKYO CEMENT COMPANY (LANKA) PLC,TKYO.X0000,151,-0.20833333333333334,-0.1,47.9,48.0,48.2,47.1,1681289324186,01/JAN/1984,24493269.8,510706,153,6401835000.0,0.0,48.0,47.9,510706,153,0,2023-04-14 10:27:32.801998,2023-04-14
411,TOKYO CEMENT COMPANY (LANKA) PLC,TKYO.N0000,2,-0.970873786407767,-0.5,51.0,51.5,52.0,50.5,1681289542507,01/JAN/1984,1719368.2,33831,33,13632300000.0,0.0,50.6,51.0,33831,33,0,2023-04-14 10:27:32.801998,2023-04-14
499,TRANS ASIA HOTELS PLC,TRAN.N0000,5,0.0,0.0,43.2,43.2,46.0,46.0,1681289582184,01/JAN/1983,230.0,5,1,8640000000.0,0.0,46.0,43.2,5,1,3,2023-04-14 10:27:32.801998,2023-04-14
561,UDAPUSSELLAWA  PLANTATIONS PLC,UDPL.N0000,1,-0.5069708491761724,-0.4,78.5,78.9,79.0,76.7,1681287683025,04/MAY/1998,11383.5,145,6,1522809725.0,0.0,79.0,78.5,145,6,2,2023-04-14 10:27:32.801998,2023-04-14
425,UNION ASSURANCE PLC,UAL.N0000,1000,1.21580547112462,0.4,33.3,32.9,33.9,33.0,1681285279880,29/JUL/1988,622416.2,18670,23,19623214476.0,0.0,33.9,33.3,18670,23,2,2023-04-14 10:27:32.801998,2023-04-14
1790,UNION BANK OF COLOMBO PLC,UBC.N0000,3000,8.641975308641975,0.7,8.8,8.1,8.8,8.2,1681289975326,29/MAR/2011,1002189.2,114207,23,9535313374.4,0.0,8.2,8.8,114207,23,0,2023-04-14 10:27:32.801998,2023-04-14
278,UNION CHEMICALS LANKA PLC,UCAR.N0000,2,0.0,0.0,698.75,698.75,648.0,648.0,1681283993493,01/AUG/1988,1296.0,2,1,1048125000.0,0.0,648.0,698.75,2,1,0,2023-04-14 10:27:32.801998,2023-04-14
151,UNISYST ENGINEERING PLC,ALUF.N0000,1,0.0,0.0,6.0,6.0,6.0,5.5,1681273316648,01/JAN/1981,61.0,11,2,264698400.0,0.0,5.5,6.0,11,2,0,2023-04-14 10:27:32.801998,2023-04-14
1563,VALLIBEL FINANCE PLC,VFIN.N0000,5000,-0.30303030303030304,-0.1,32.9,33.0,33.0,32.8,1681288985321,04/MAY/2010,890064.1,27038,19,7746416860.0,0.0,32.9,32.9,27038,19,0,2023-04-14 10:27:32.801998,2023-04-14
1848,VALLIBEL ONE PLC,VONE.N0000,18,-1.75,-0.7,39.3,40.0,40.4,39.2,1681289970326,08/JUL/2011,5180780.1,131129,201,44759384809.2,0.0,40.1,39.3,131129,201,2,2023-04-14 10:27:32.801998,2023-04-14
473,VALLIBEL POWER ERATHNA PLC,VPEL.N0000,1,0.0,0.0,6.8,6.8,6.9,6.7,1681287342800,16/MAY/2006,166667.6,24530,21,5080346170.8,0.0,6.9,6.8,24530,21,0,2023-04-14 10:27:32.801998,2023-04-14
5005,VIDULLANKA PLC,VLL.X0000,10,-2.272727272727273,-0.1,4.3,4.4,4.6,4.3,1681275563201,10/JUN/2005,476.0,110,2,311294569.8,0.0,4.3,4.3,110,2,2,2023-04-14 10:27:32.801998,2023-04-14
300,VIDULLANKA PLC,VLL.N0000,9568,0.0,0.0,5.9,5.9,6.0,5.9,1681288528512,10/JUN/2005,1517181.2,257073,28,5140764164.0,0.0,5.9,5.9,257073,28,2,2023-04-14 10:27:32.801998,2023-04-14
1971,WASKADUWA BEACH RESORT PLC,CITW.N0000,635,3.5714285714285716,0.1,2.9,2.8,3.0,2.7,1681289993915,03/JAN/2012,307144.3,106463,27,1623585578.4,0.0,2.7,2.9,106463,27,2,2023-04-14 10:27:32.801998,2023-04-14
148,WATAWALA  PLANTATIONS  PLC,WATA.N0000,2741,0.9126466753585397,0.7,77.4,76.7,77.9,76.8,1681289962679,01/DEC/1997,1862121.6,24113,76,15736088194.2,0.0,77.9,77.4,24113,76,0,2023-04-14 10:27:32.801998,2023-04-14
4887,WINDFORCE PLC,WIND.N0000,25,5.389221556886228,0.9,17.6,16.7,18.0,16.7,1681289745770,22/APR/2021,3638427.6,206773,90,23773533379.2,0.0,16.9,17.6,206773,90,0,2023-04-14 10:27:32.801998,2023-04-14
180,YORK ARCADE HOLDINGS PLC,YORK.N0000,6,0.0,0.0,138.0,138.0,139.0,139.0,1681289858169,01/MAY/1985,5004.0,36,2,103500000.0,0.0,139.0,138.0,36,2,0,2023-04-14 10:27:32.801998,2023-04-14
